{"initial_reset_timestamp": 1656361403.785225, "timestamps": [1656361483.6928658], "episode_lengths": [1000], "episode_rewards": [3608.4217337075474], "episode_types": ["t"]}