{"initial_reset_timestamp": 1656243683.1352732, "timestamps": [1656243694.1099792], "episode_lengths": [124], "episode_rewards": [116.8213998740163], "episode_types": ["t"]}